{"accuracy": [0.7182976603507996, 0.7982285618782043, 0.8304169178009033, 0.8578526973724365, 0.8824800252914429, 0.8958738446235657, 0.9049471020698547, 0.9194210171699524, 0.9278461933135986, 0.9343270659446716, 0.9412400126457214, 0.9475048780441284, 0.9546338319778442, 0.9494491219520569, 0.9630589485168457, 0.9604666233062744, 0.9660834074020386, 0.9697558879852295, 0.9762367606163025], "loss": [0.5503526329994202, 0.4404201805591583, 0.38972213864326477, 0.33657875657081604, 0.2930949926376343, 0.2643679976463318, 0.24629010260105133, 0.2141016125679016, 0.2010839283466339, 0.18570004403591156, 0.15613766014575958, 0.14869524538516998, 0.13399477303028107, 0.13641805946826935, 0.11095014959573746, 0.11014673113822937, 0.10091547667980194, 0.08667676895856857, 0.08048071712255478], "val_accuracy": [0.4834761321544647, 0.7013463973999023, 0.8274173736572266, 0.8898409008979797, 0.9265605807304382, 0.886168897151947, 0.8727050423622131, 0.8898409008979797, 0.8543451428413391, 0.8567931652069092, 0.8690330386161804, 0.9400244951248169, 0.9449204206466675, 0.9608322978019714, 0.8212974071502686, 0.9363524913787842, 0.9424724578857422, 0.9106487035751343, 0.9339045286178589], "val_loss": [0.8928647637367249, 0.5760401487350464, 0.409745991230011, 0.2896483540534973, 0.2537045180797577, 0.3146500587463379, 0.27271127700805664, 0.2451060712337494, 0.3108614683151245, 0.309609979391098, 0.2954499423503876, 0.17190970480442047, 0.12794841825962067, 0.12733007967472076, 0.42774972319602966, 0.13466618955135345, 0.14652523398399353, 0.18971870839595795, 0.1522783488035202]}